INSERT INTO [dbo].[sparks_article] ([base_id],[Title],[Content],[Date])VALUES(N'D4BE4B10-36AA-B17C-A099-96DCE6BBB3BD',N'A',N'Lorem Ipsum is simply dummy text of the printing and typesetting industry. Lorem Ipsum has been the industry''s standard dummy text ever since the 1500s, when an unknown printer took a galley of type and scrambled it to make a type specimen book. It has survived not only five centuries, but also the leap into electronic typesetting, remaining essentially unchanged. It was popularised in the 1960s with the release of Letraset sheets containing Lorem Ipsum passages, and more recently with desktop publishing software like Aldus PageMaker including versions of Lorem Ipsum',CAST(N'2020-09-08T00:00:00.0000000' AS DateTime2))
INSERT INTO [dbo].[sparks_article] ([base_id],[Title],[Content],[Date])VALUES(N'E4C1DF41-7A10-E9D0-00DC-EC03A70C4659',N'B',N'<b>Lorem Ipsum</b> is simply dummy text of the printing and typesetting industry. Lorem Ipsum has been the industry''s standard dummy text ever since the 1500s, when an unknown printer took a galley of type and scrambled it to make a type specimen book. It has survived not only five centuries, but also the leap into electronic typesetting, remaining essentially unchanged. It was popularised in the 1960s with the release of Letraset sheets containing Lorem Ipsum passages, and more recently with desktop publishing software like Aldus PageMaker including versions of Lorem Ipsum',CAST(N'2020-09-09T00:00:00.0000000' AS DateTime2))
INSERT INTO [dbo].[sparks_article] ([base_id],[Title],[Content],[Date])VALUES(N'DD42627E-3C91-E73A-BD23-9BC66832E240',N'C',N'''But I must explain to you how all this mistaken idea of denouncing pleasure and praising pain was born and I will give you a complete account of the system, and expound the actual teachings of the great explorer of the truth, the master-builder of human happiness. No one rejects, dislikes, or avoids pleasure itself, because it is pleasure, but because those who do not know how to pursue pleasure rationally encounter consequences that are extremely painful. Nor again is there anyone who loves or pursues or desires to obtain pain of itself, because it is pain, but because occasionally circumstances occur in which toil and pain can procure him some great pleasure. To take a trivial example, which of us ever undertakes laborious physical exercise, except to obtain some advantage from it? But who has any right to find fault with a man who chooses to enjoy a pleasure that has no annoying consequences, or one who avoids a pain that produces no resultant pleasure?''',CAST(N'2020-09-10T00:00:00.0000000' AS DateTime2))
INSERT INTO [dbo].[sparks_article] ([base_id],[Title],[Content],[Date])VALUES(N'3806C4E2-5C07-12F7-634F-1754430EDA6A',N'D',N'''At vero eos et accusamus et iusto odio dignissimos ducimus qui blanditiis praesentium voluptatum deleniti atque corrupti quos dolores et quas molestias excepturi sint occaecati cupiditate non provident, similique sunt in culpa qui officia deserunt mollitia animi, id est laborum et dolorum fuga. Et harum quidem rerum facilis est et expedita distinctio. Nam libero tempore, cum soluta nobis est eligendi optio cumque nihil impedit quo minus id quod maxime placeat facere possimus, omnis voluptas assumenda est, omnis dolor repellendus. Temporibus autem quibusdam et aut officiis debitis aut rerum necessitatibus saepe eveniet ut et voluptates repudiandae sint et molestiae non recusandae. Itaque earum rerum hic tenetur a sapiente delectus, ut aut reiciendis voluptatibus maiores alias consequatur aut perferendis doloribus asperiores repellat.''',CAST(N'2020-09-11T00:00:00.0000000' AS DateTime2))
INSERT INTO [dbo].[sparks_article] ([base_id],[Title],[Content],[Date])VALUES(N'48649597-4B15-DB80-E741-9436D063C403',N'E',N'''On the other hand, we denounce with righteous indignation and dislike men who are so beguiled and demoralized by the charms of pleasure of the moment, so blinded by desire, that they cannot foresee the pain and trouble that are bound to ensue; and equal blame belongs to those who fail in their duty through weakness of will, which is the same as saying through shrinking from toil and pain. These cases are perfectly simple and easy to distinguish. In a free hour, when our power of choice is untrammelled and when nothing prevents our being able to do what we like best, every pleasure is to be welcomed and every pain avoided. But in certain circumstances and owing to the claims of duty or the obligations of business it will frequently occur that pleasures have to be repudiated and annoyances accepted. The wise man therefore always holds in these matters to this principle of selection: he rejects pleasures to secure other greater pleasures, or else he endures pains to avoid worse pains.''',CAST(N'2020-09-12T00:00:00.0000000' AS DateTime2))
INSERT INTO [dbo].[sparks_article] ([base_id],[Title],[Content],[Date])VALUES(N'3BAA50B7-DBED-9C80-42ED-66545AD99ED3',N'F',N'''Lorem ipsum dolor sit amet, consectetur adipiscing elit, sed do eiusmod tempor incididunt ut labore et dolore magna aliqua. Ut enim ad minim veniam, quis nostrud exercitation ullamco laboris nisi ut aliquip ex ea commodo consequat. Duis aute irure dolor in reprehenderit in voluptate velit esse cillum dolore eu fugiat nulla pariatur. Excepteur sint occaecat cupidatat non proident, sunt in culpa qui officia deserunt mollit anim id est laborum.''',CAST(N'2020-09-13T00:00:00.0000000' AS DateTime2))
INSERT INTO [dbo].[sparks_article] ([base_id],[Title],[Content],[Date])VALUES(N'2CD16B23-1175-6648-AEC1-C7AEE03B1635',N'G',N'Lorem ipsum dolor sit amet, consectetur adipiscing elit. Suspendisse sodales ornare nulla at condimentum. Etiam ornare nisi vitae leo molestie, nec cursus nibh aliquet. Nulla aliquet interdum felis sit amet ultricies. Vivamus eu sem commodo, viverra sapien ac, tempor diam. In facilisis augue lectus, eget tempus arcu tristique vel. Vivamus quis nisl et ligula tincidunt sodales a non eros. Pellentesque risus dui, pulvinar at sapien a, gravida tincidunt turpis. Quisque tempor arcu ipsum, at imperdiet leo luctus fermentum. Quisque tincidunt rhoncus tortor vel vehicula. Nam at lorem sit amet sapien bibendum aliquam et vitae nulla. Maecenas fermentum maximus leo, et semper massa finibus ac. Integer sagittis nisi eget posuere blandit. Nam id elit vehicula, finibus dolor ut, mollis sapien. Etiam ac neque non lorem congue varius quis nec lacus. Donec et varius dolor.',CAST(N'2020-09-14T00:00:00.0000000' AS DateTime2))
INSERT INTO [dbo].[sparks_article] ([base_id],[Title],[Content],[Date])VALUES(N'40DA14C9-E036-6BC9-492E-309E1E4948EB',N'H',N'<table class=''data''>  <tr>    <th>Entry Header 1</th>    <th>Entry Header 2</th>    <th>Entry Header 3</th>    <th>Entry Header 4</th>  </tr>  <tr>    <td>Entry First Line 1</td>    <td>Entry First Line 2</td>    <td>Entry First Line 3</td>    <td>Entry First Line 4</td>  </tr>  <tr>    <td>Entry Line 1</td>    <td>Entry Line 2</td>    <td>Entry Line 3</td>    <td>Entry Line 4</td>  </tr>  <tr>    <td>Entry Last Line 1</td>    <td>Entry Last Line 2</td>    <td>Entry Last Line 3</td>    <td>Entry Last Line 4</td>  </tr></table>',CAST(N'2020-09-15T00:00:00.0000000' AS DateTime2))
INSERT INTO [dbo].[sparks_article] ([base_id],[Title],[Content],[Date])VALUES(N'0E753390-BD51-0C0B-3E04-F76C86EB0D7C',N'I',N'<blockquote>Gregor then turned to look out the window at the dull weather. Drops of rain could be heard hitting the pane, which made him feel quite sad. ''How about if I sleep a little bit longer and forget all this nonsense'', he thought, but that was something he was unable to do because he was used to sleeping on his right, and in his present state couldn''t get into that position. However hard he threw himself onto his right, he always rolled back to where he was.</blockquote>',CAST(N'2020-09-16T00:00:00.0000000' AS DateTime2))
INSERT INTO [dbo].[sparks_article] ([base_id],[Title],[Content],[Date])VALUES(N'89BD68E7-752C-610A-4A67-F56AA6AB80A7',N'J',N'<p>It showed a lady fitted out with a fur hat and fur boa who sat upright, raising a heavy fur muff that covered the whole of her lower arm towards the viewer.</p>',CAST(N'2020-09-17T00:00:00.0000000' AS DateTime2))



INSERT INTO [dbo].[sf_dynamic_content]([was_published],[visible],[vrsion],[url_name_],[system_parent_type],[system_parent_id],[status],[publication_date],[ownr],[original_content_id],[last_modified_by],[last_modified],[item_default_url_],[inherits_permissions],[include_in_sitemap],[base_id],[expiration_date],[date_created],[can_inherit_permissions],[approval_workflow_state_],[application_name],[voa_version],[voa_class]) VALUES(NULL,0,0,N'A',NULL,NULL,0,GETDATE(),N'00000000-0000-0000-0000-000000000000',N'00000000-0000-0000-0000-000000000000',N'00000000-0000-0000-0000-000000000000',GETDATE(),N'/A',1,1,N'D4BE4B10-36AA-B17C-A099-96DCE6BBB3BD',NULL,GETDATE(),1,N'Draft',N'/DynamicModule',1,354644825)
INSERT INTO [dbo].[sf_dynamic_content]([was_published],[visible],[vrsion],[url_name_],[system_parent_type],[system_parent_id],[status],[publication_date],[ownr],[original_content_id],[last_modified_by],[last_modified],[item_default_url_],[inherits_permissions],[include_in_sitemap],[base_id],[expiration_date],[date_created],[can_inherit_permissions],[approval_workflow_state_],[application_name],[voa_version],[voa_class]) VALUES(NULL,0,0,N'B',NULL,NULL,0,GETDATE(),N'00000000-0000-0000-0000-000000000000',N'00000000-0000-0000-0000-000000000000',N'00000000-0000-0000-0000-000000000000',GETDATE(),N'/B',1,1,N'E4C1DF41-7A10-E9D0-00DC-EC03A70C4659',NULL,GETDATE(),1,N'Draft',N'/DynamicModule',1,354644825)
INSERT INTO [dbo].[sf_dynamic_content]([was_published],[visible],[vrsion],[url_name_],[system_parent_type],[system_parent_id],[status],[publication_date],[ownr],[original_content_id],[last_modified_by],[last_modified],[item_default_url_],[inherits_permissions],[include_in_sitemap],[base_id],[expiration_date],[date_created],[can_inherit_permissions],[approval_workflow_state_],[application_name],[voa_version],[voa_class]) VALUES(NULL,0,0,N'C',NULL,NULL,0,GETDATE(),N'00000000-0000-0000-0000-000000000000',N'00000000-0000-0000-0000-000000000000',N'00000000-0000-0000-0000-000000000000',GETDATE(),N'/C',1,1,N'DD42627E-3C91-E73A-BD23-9BC66832E240',NULL,GETDATE(),1,N'Draft',N'/DynamicModule',1,354644825)
INSERT INTO [dbo].[sf_dynamic_content]([was_published],[visible],[vrsion],[url_name_],[system_parent_type],[system_parent_id],[status],[publication_date],[ownr],[original_content_id],[last_modified_by],[last_modified],[item_default_url_],[inherits_permissions],[include_in_sitemap],[base_id],[expiration_date],[date_created],[can_inherit_permissions],[approval_workflow_state_],[application_name],[voa_version],[voa_class]) VALUES(NULL,0,0,N'D',NULL,NULL,0,GETDATE(),N'00000000-0000-0000-0000-000000000000',N'00000000-0000-0000-0000-000000000000',N'00000000-0000-0000-0000-000000000000',GETDATE(),N'/D',1,1,N'3806C4E2-5C07-12F7-634F-1754430EDA6A',NULL,GETDATE(),1,N'Draft',N'/DynamicModule',1,354644825)
INSERT INTO [dbo].[sf_dynamic_content]([was_published],[visible],[vrsion],[url_name_],[system_parent_type],[system_parent_id],[status],[publication_date],[ownr],[original_content_id],[last_modified_by],[last_modified],[item_default_url_],[inherits_permissions],[include_in_sitemap],[base_id],[expiration_date],[date_created],[can_inherit_permissions],[approval_workflow_state_],[application_name],[voa_version],[voa_class]) VALUES(NULL,0,0,N'E',NULL,NULL,0,GETDATE(),N'00000000-0000-0000-0000-000000000000',N'00000000-0000-0000-0000-000000000000',N'00000000-0000-0000-0000-000000000000',GETDATE(),N'/E',1,1,N'48649597-4B15-DB80-E741-9436D063C403',NULL,GETDATE(),1,N'Draft',N'/DynamicModule',1,354644825)
INSERT INTO [dbo].[sf_dynamic_content]([was_published],[visible],[vrsion],[url_name_],[system_parent_type],[system_parent_id],[status],[publication_date],[ownr],[original_content_id],[last_modified_by],[last_modified],[item_default_url_],[inherits_permissions],[include_in_sitemap],[base_id],[expiration_date],[date_created],[can_inherit_permissions],[approval_workflow_state_],[application_name],[voa_version],[voa_class]) VALUES(NULL,0,0,N'F',NULL,NULL,0,GETDATE(),N'00000000-0000-0000-0000-000000000000',N'00000000-0000-0000-0000-000000000000',N'00000000-0000-0000-0000-000000000000',GETDATE(),N'/F',1,1,N'3BAA50B7-DBED-9C80-42ED-66545AD99ED3',NULL,GETDATE(),1,N'Draft',N'/DynamicModule',1,354644825)
INSERT INTO [dbo].[sf_dynamic_content]([was_published],[visible],[vrsion],[url_name_],[system_parent_type],[system_parent_id],[status],[publication_date],[ownr],[original_content_id],[last_modified_by],[last_modified],[item_default_url_],[inherits_permissions],[include_in_sitemap],[base_id],[expiration_date],[date_created],[can_inherit_permissions],[approval_workflow_state_],[application_name],[voa_version],[voa_class]) VALUES(NULL,0,0,N'G',NULL,NULL,0,GETDATE(),N'00000000-0000-0000-0000-000000000000',N'00000000-0000-0000-0000-000000000000',N'00000000-0000-0000-0000-000000000000',GETDATE(),N'/G',1,1,N'2CD16B23-1175-6648-AEC1-C7AEE03B1635',NULL,GETDATE(),1,N'Draft',N'/DynamicModule',1,354644825)
INSERT INTO [dbo].[sf_dynamic_content]([was_published],[visible],[vrsion],[url_name_],[system_parent_type],[system_parent_id],[status],[publication_date],[ownr],[original_content_id],[last_modified_by],[last_modified],[item_default_url_],[inherits_permissions],[include_in_sitemap],[base_id],[expiration_date],[date_created],[can_inherit_permissions],[approval_workflow_state_],[application_name],[voa_version],[voa_class]) VALUES(NULL,0,0,N'H',NULL,NULL,0,GETDATE(),N'00000000-0000-0000-0000-000000000000',N'00000000-0000-0000-0000-000000000000',N'00000000-0000-0000-0000-000000000000',GETDATE(),N'/H',1,1,N'40DA14C9-E036-6BC9-492E-309E1E4948EB',NULL,GETDATE(),1,N'Draft',N'/DynamicModule',1,354644825)
INSERT INTO [dbo].[sf_dynamic_content]([was_published],[visible],[vrsion],[url_name_],[system_parent_type],[system_parent_id],[status],[publication_date],[ownr],[original_content_id],[last_modified_by],[last_modified],[item_default_url_],[inherits_permissions],[include_in_sitemap],[base_id],[expiration_date],[date_created],[can_inherit_permissions],[approval_workflow_state_],[application_name],[voa_version],[voa_class]) VALUES(NULL,0,0,N'I',NULL,NULL,0,GETDATE(),N'00000000-0000-0000-0000-000000000000',N'00000000-0000-0000-0000-000000000000',N'00000000-0000-0000-0000-000000000000',GETDATE(),N'/I',1,1,N'0E753390-BD51-0C0B-3E04-F76C86EB0D7C',NULL,GETDATE(),1,N'Draft',N'/DynamicModule',1,354644825)
INSERT INTO [dbo].[sf_dynamic_content]([was_published],[visible],[vrsion],[url_name_],[system_parent_type],[system_parent_id],[status],[publication_date],[ownr],[original_content_id],[last_modified_by],[last_modified],[item_default_url_],[inherits_permissions],[include_in_sitemap],[base_id],[expiration_date],[date_created],[can_inherit_permissions],[approval_workflow_state_],[application_name],[voa_version],[voa_class]) VALUES(NULL,0,0,N'J',NULL,NULL,0,GETDATE(),N'00000000-0000-0000-0000-000000000000',N'00000000-0000-0000-0000-000000000000',N'00000000-0000-0000-0000-000000000000',GETDATE(),N'/J',1,1,N'89BD68E7-752C-610A-4A67-F56AA6AB80A7',NULL,GETDATE(),1,N'Draft',N'/DynamicModule',1,354644825)


INSERT INTO [dbo].[sf_language_data] ([scheduled_date],[publication_date],[last_modified],[language_version],[language],[id],[expiration_date],[content_state],[app_name]) VALUES(NULL,GETDATE(),GETDATE(),1,N'en',N'FC3ECAC0-4B2F-DC60-4CDC-781F98D7A06B',NULL,1,N'/DynamicModule')
INSERT INTO [dbo].[sf_language_data] ([scheduled_date],[publication_date],[last_modified],[language_version],[language],[id],[expiration_date],[content_state],[app_name]) VALUES(NULL,GETDATE(),GETDATE(),1,N'en',N'2DF5F06E-8818-E8DD-59C6-B23610A11751',NULL,1,N'/DynamicModule')
INSERT INTO [dbo].[sf_language_data] ([scheduled_date],[publication_date],[last_modified],[language_version],[language],[id],[expiration_date],[content_state],[app_name]) VALUES(NULL,GETDATE(),GETDATE(),1,N'en',N'E54D104C-53E7-CF3F-0013-3F0DE6077F3D',NULL,1,N'/DynamicModule')
INSERT INTO [dbo].[sf_language_data] ([scheduled_date],[publication_date],[last_modified],[language_version],[language],[id],[expiration_date],[content_state],[app_name]) VALUES(NULL,GETDATE(),GETDATE(),1,N'en',N'ECE958E1-DF7C-8666-987B-4787370A009D',NULL,1,N'/DynamicModule')
INSERT INTO [dbo].[sf_language_data] ([scheduled_date],[publication_date],[last_modified],[language_version],[language],[id],[expiration_date],[content_state],[app_name]) VALUES(NULL,GETDATE(),GETDATE(),1,N'en',N'9E99DC64-132E-2BC1-8C35-A375079F3BFD',NULL,1,N'/DynamicModule')
INSERT INTO [dbo].[sf_language_data] ([scheduled_date],[publication_date],[last_modified],[language_version],[language],[id],[expiration_date],[content_state],[app_name]) VALUES(NULL,GETDATE(),GETDATE(),1,N'en',N'3FEBF7F5-A712-4937-FC3C-0241A496C5FC',NULL,1,N'/DynamicModule')
INSERT INTO [dbo].[sf_language_data] ([scheduled_date],[publication_date],[last_modified],[language_version],[language],[id],[expiration_date],[content_state],[app_name]) VALUES(NULL,GETDATE(),GETDATE(),1,N'en',N'AB153E70-6FD4-704C-6ECC-56704946ED77',NULL,1,N'/DynamicModule')
INSERT INTO [dbo].[sf_language_data] ([scheduled_date],[publication_date],[last_modified],[language_version],[language],[id],[expiration_date],[content_state],[app_name]) VALUES(NULL,GETDATE(),GETDATE(),1,N'en',N'E9E52D56-258D-1549-78B2-385454751E8B',NULL,1,N'/DynamicModule')
INSERT INTO [dbo].[sf_language_data] ([scheduled_date],[publication_date],[last_modified],[language_version],[language],[id],[expiration_date],[content_state],[app_name]) VALUES(NULL,GETDATE(),GETDATE(),1,N'en',N'5510F215-E8B7-E855-E159-DF7AFD44AFB2',NULL,1,N'/DynamicModule')
INSERT INTO [dbo].[sf_language_data] ([scheduled_date],[publication_date],[last_modified],[language_version],[language],[id],[expiration_date],[content_state],[app_name]) VALUES(NULL,GETDATE(),GETDATE(),1,N'en',N'F58853A1-8290-8E8D-7964-98BE383B4593',NULL,1,N'/DynamicModule')

INSERT INTO [dbo].[sf_dynmc_cntnt_sf_lnguage_data]([base_id],[seq],[id]) VALUES(N'D4BE4B10-36AA-B17C-A099-96DCE6BBB3BD',0,N'FC3ECAC0-4B2F-DC60-4CDC-781F98D7A06B')
INSERT INTO [dbo].[sf_dynmc_cntnt_sf_lnguage_data]([base_id],[seq],[id]) VALUES(N'E4C1DF41-7A10-E9D0-00DC-EC03A70C4659',0,N'2DF5F06E-8818-E8DD-59C6-B23610A11751')
INSERT INTO [dbo].[sf_dynmc_cntnt_sf_lnguage_data]([base_id],[seq],[id]) VALUES(N'DD42627E-3C91-E73A-BD23-9BC66832E240',0,N'E54D104C-53E7-CF3F-0013-3F0DE6077F3D')
INSERT INTO [dbo].[sf_dynmc_cntnt_sf_lnguage_data]([base_id],[seq],[id]) VALUES(N'3806C4E2-5C07-12F7-634F-1754430EDA6A',0,N'ECE958E1-DF7C-8666-987B-4787370A009D')
INSERT INTO [dbo].[sf_dynmc_cntnt_sf_lnguage_data]([base_id],[seq],[id]) VALUES(N'48649597-4B15-DB80-E741-9436D063C403',0,N'9E99DC64-132E-2BC1-8C35-A375079F3BFD')
INSERT INTO [dbo].[sf_dynmc_cntnt_sf_lnguage_data]([base_id],[seq],[id]) VALUES(N'3BAA50B7-DBED-9C80-42ED-66545AD99ED3',0,N'3FEBF7F5-A712-4937-FC3C-0241A496C5FC')
INSERT INTO [dbo].[sf_dynmc_cntnt_sf_lnguage_data]([base_id],[seq],[id]) VALUES(N'2CD16B23-1175-6648-AEC1-C7AEE03B1635',0,N'AB153E70-6FD4-704C-6ECC-56704946ED77')
INSERT INTO [dbo].[sf_dynmc_cntnt_sf_lnguage_data]([base_id],[seq],[id]) VALUES(N'40DA14C9-E036-6BC9-492E-309E1E4948EB',0,N'E9E52D56-258D-1549-78B2-385454751E8B')
INSERT INTO [dbo].[sf_dynmc_cntnt_sf_lnguage_data]([base_id],[seq],[id]) VALUES(N'0E753390-BD51-0C0B-3E04-F76C86EB0D7C',0,N'5510F215-E8B7-E855-E159-DF7AFD44AFB2')
INSERT INTO [dbo].[sf_dynmc_cntnt_sf_lnguage_data]([base_id],[seq],[id]) VALUES(N'89BD68E7-752C-610A-4A67-F56AA6AB80A7',0,N'F58853A1-8290-8E8D-7964-98BE383B4593')
